date,model,floor,turns,memories,injected_per_turn,turns_with_any_pct,observations_per_turn,other_per_turn
2026-10-04,google/embeddinggemma-300m,0.4,147,6464,5.33,73,2.23,3.10
2026-10-04,google/embeddinggemma-300m,0.45,147,6464,3.12,56,1.40,1.71
2026-10-04,google/embeddinggemma-300m,0.5,147,6464,1.98,43,0.92,1.06
2026-10-04,google/embeddinggemma-300m,0.55,147,6464,1.24,34,0.57,0.67
2026-10-04,google/embeddinggemma-300m,0.6,147,6464,0.68,25,0.27,0.41
2026-10-04,BAAI/bge-m3,0.45,147,6464,9.48,98,3.48,6.00
2026-10-04,BAAI/bge-m3,0.475,147,6464,8.64,97,3.16,5.48
2026-10-04,BAAI/bge-m3,0.5,147,6464,7.52,89,2.78,4.75
2026-10-04,BAAI/bge-m3,0.525,147,6464,6.01,80,2.33,3.67
2026-10-04,BAAI/bge-m3,0.55,147,6464,4.25,66,1.63,2.62
2026-10-04,BAAI/bge-m3,0.575,147,6464,2.91,57,1.23,1.68
2026-10-04,BAAI/bge-m3,0.6,147,6464,2.08,46,0.90,1.18
2026-10-04,BAAI/bge-m3,0.625,147,6464,1.25,37,0.48,0.77
2026-10-04,BAAI/bge-m3,0.65,147,6464,0.88,29,0.41,0.47
2026-10-04,BAAI/bge-m3,0.675,147,6464,0.56,20,0.22,0.34
2026-10-04,BAAI/bge-m3,0.7,147,6464,0.36,16,0.14,0.22
2026-10-04,BAAI/bge-m3,0.725,147,6464,0.22,13,0.07,0.15
2026-10-04,BAAI/bge-m3,0.75,147,6464,0.09,8,0.00,0.09
