date,model,policy,day,floor,hits,probes,injected_per_probe,noise_per_probe,offtopic_injected_per_query,offtopic_queries_matched_pct,offtopic_max_score
2026-10-04,google/embeddinggemma-300m,no_decay,30,0.4,21,25,6.64,4.56,1.05,15,0.513
2026-10-04,google/embeddinggemma-300m,no_decay,30,0.45,21,25,4.48,2.96,0.55,10,0.513
2026-10-04,google/embeddinggemma-300m,no_decay,30,0.5,19,25,3.16,2.04,0.5,5,0.513
2026-10-04,google/embeddinggemma-300m,no_decay,30,0.55,14,25,1.48,0.72,0.0,0,0.513
2026-10-04,google/embeddinggemma-300m,no_decay,30,0.6,11,25,1.16,0.72,0.0,0,0.513
2026-10-04,google/embeddinggemma-300m,no_decay,45,0.4,25,30,6.7,4.17,1.05,15,0.513
2026-10-04,google/embeddinggemma-300m,no_decay,45,0.45,25,30,4.77,2.9,0.55,10,0.513
2026-10-04,google/embeddinggemma-300m,no_decay,45,0.5,22,30,3.23,2.0,0.5,5,0.513
2026-10-04,google/embeddinggemma-300m,no_decay,45,0.55,16,30,1.63,0.9,0.0,0,0.513
2026-10-04,google/embeddinggemma-300m,no_decay,45,0.6,13,30,1.07,0.6,0.0,0,0.513
2026-10-04,google/embeddinggemma-300m,no_decay,60,0.4,28,33,6.64,3.67,1.05,15,0.513
2026-10-04,google/embeddinggemma-300m,no_decay,60,0.45,28,33,4.67,2.58,0.55,10,0.513
2026-10-04,google/embeddinggemma-300m,no_decay,60,0.5,25,33,3.12,1.82,0.5,5,0.513
2026-10-04,google/embeddinggemma-300m,no_decay,60,0.55,19,33,1.61,0.82,0.0,0,0.513
2026-10-04,google/embeddinggemma-300m,no_decay,60,0.6,16,33,1.09,0.55,0.0,0,0.513
2026-10-04,google/embeddinggemma-300m,branch,30,0.4,20,25,6.64,4.6,1.05,15,0.513
2026-10-04,google/embeddinggemma-300m,branch,30,0.45,20,25,4.48,3.0,0.55,10,0.513
2026-10-04,google/embeddinggemma-300m,branch,30,0.5,19,25,3.16,2.04,0.5,5,0.513
2026-10-04,google/embeddinggemma-300m,branch,30,0.55,14,25,1.48,0.72,0.0,0,0.513
2026-10-04,google/embeddinggemma-300m,branch,30,0.6,11,25,1.12,0.68,0.0,0,0.513
2026-10-04,google/embeddinggemma-300m,branch,45,0.4,21,30,6.7,4.3,1.05,15,0.513
2026-10-04,google/embeddinggemma-300m,branch,45,0.45,21,30,4.7,2.97,0.55,10,0.513
2026-10-04,google/embeddinggemma-300m,branch,45,0.5,19,30,3.17,2.03,0.5,5,0.513
2026-10-04,google/embeddinggemma-300m,branch,45,0.55,14,30,1.6,0.93,0.0,0,0.513
2026-10-04,google/embeddinggemma-300m,branch,45,0.6,12,30,1.03,0.6,0.0,0,0.513
2026-10-04,google/embeddinggemma-300m,branch,60,0.4,24,33,6.61,3.79,1.05,15,0.513
2026-10-04,google/embeddinggemma-300m,branch,60,0.45,24,33,4.61,2.64,0.55,10,0.513
2026-10-04,google/embeddinggemma-300m,branch,60,0.5,22,33,3.06,1.85,0.5,5,0.513
2026-10-04,google/embeddinggemma-300m,branch,60,0.55,17,33,1.55,0.82,0.0,0,0.513
2026-10-04,google/embeddinggemma-300m,branch,60,0.6,14,33,1.0,0.52,0.0,0,0.513
2026-10-04,BAAI/bge-m3,no_decay,30,0.5,22,25,6.32,3.32,1.25,20,0.548
2026-10-04,BAAI/bge-m3,no_decay,30,0.525,22,25,6.08,3.32,1.0,10,0.548
2026-10-04,BAAI/bge-m3,no_decay,30,0.55,20,25,4.52,2.44,0.0,0,0.548
2026-10-04,BAAI/bge-m3,no_decay,30,0.575,19,25,3.84,2.16,0.0,0,0.548
2026-10-04,BAAI/bge-m3,no_decay,30,0.6,17,25,2.92,1.6,0.0,0,0.548
2026-10-04,BAAI/bge-m3,no_decay,30,0.625,16,25,2.68,1.6,0.0,0,0.548
2026-10-04,BAAI/bge-m3,no_decay,30,0.65,15,25,1.24,0.36,0.0,0,0.548
2026-10-04,BAAI/bge-m3,no_decay,45,0.5,27,30,6.47,3.3,1.45,20,0.548
2026-10-04,BAAI/bge-m3,no_decay,45,0.525,27,30,6.07,3.3,1.0,10,0.548
2026-10-04,BAAI/bge-m3,no_decay,45,0.55,25,30,4.67,2.57,0.0,0,0.548
2026-10-04,BAAI/bge-m3,no_decay,45,0.575,24,30,4.07,2.33,0.0,0,0.548
2026-10-04,BAAI/bge-m3,no_decay,45,0.6,21,30,3.23,1.9,0.0,0,0.548
2026-10-04,BAAI/bge-m3,no_decay,45,0.625,20,30,2.7,1.63,0.0,0,0.548
2026-10-04,BAAI/bge-m3,no_decay,45,0.65,18,30,1.47,0.6,0.0,0,0.548
2026-10-04,BAAI/bge-m3,no_decay,60,0.5,30,33,6.21,2.91,1.65,20,0.548
2026-10-04,BAAI/bge-m3,no_decay,60,0.525,30,33,5.73,2.91,1.0,10,0.548
2026-10-04,BAAI/bge-m3,no_decay,60,0.55,28,33,4.45,2.27,0.0,0,0.548
2026-10-04,BAAI/bge-m3,no_decay,60,0.575,27,33,3.85,2.09,0.0,0,0.548
2026-10-04,BAAI/bge-m3,no_decay,60,0.6,24,33,3.12,1.73,0.0,0,0.548
2026-10-04,BAAI/bge-m3,no_decay,60,0.625,23,33,2.61,1.48,0.0,0,0.548
2026-10-04,BAAI/bge-m3,no_decay,60,0.65,21,33,1.48,0.55,0.0,0,0.548
2026-10-04,BAAI/bge-m3,branch,30,0.5,22,25,6.32,3.32,1.1,20,0.548
2026-10-04,BAAI/bge-m3,branch,30,0.525,22,25,6.08,3.32,1.0,10,0.548
2026-10-04,BAAI/bge-m3,branch,30,0.55,20,25,4.52,2.44,0.0,0,0.548
2026-10-04,BAAI/bge-m3,branch,30,0.575,19,25,3.84,2.16,0.0,0,0.548
2026-10-04,BAAI/bge-m3,branch,30,0.6,17,25,2.92,1.6,0.0,0,0.548
2026-10-04,BAAI/bge-m3,branch,30,0.625,16,25,2.68,1.6,0.0,0,0.548
2026-10-04,BAAI/bge-m3,branch,30,0.65,15,25,1.24,0.36,0.0,0,0.548
2026-10-04,BAAI/bge-m3,branch,45,0.5,24,30,6.43,3.4,1.25,20,0.548
2026-10-04,BAAI/bge-m3,branch,45,0.525,24,30,6.03,3.4,1.0,10,0.548
2026-10-04,BAAI/bge-m3,branch,45,0.55,22,30,4.57,2.6,0.0,0,0.548
2026-10-04,BAAI/bge-m3,branch,45,0.575,21,30,4.0,2.37,0.0,0,0.548
2026-10-04,BAAI/bge-m3,branch,45,0.6,18,30,3.17,1.93,0.0,0,0.548
2026-10-04,BAAI/bge-m3,branch,45,0.625,17,30,2.63,1.67,0.0,0,0.548
2026-10-04,BAAI/bge-m3,branch,45,0.65,16,30,1.43,0.63,0.0,0,0.548
2026-10-04,BAAI/bge-m3,branch,60,0.5,25,33,6.18,3.06,1.25,20,0.548
2026-10-04,BAAI/bge-m3,branch,60,0.525,25,33,5.7,3.06,1.0,10,0.548
2026-10-04,BAAI/bge-m3,branch,60,0.55,23,33,4.36,2.36,0.0,0,0.548
2026-10-04,BAAI/bge-m3,branch,60,0.575,22,33,3.76,2.15,0.0,0,0.548
2026-10-04,BAAI/bge-m3,branch,60,0.6,19,33,3.03,1.79,0.0,0,0.548
2026-10-04,BAAI/bge-m3,branch,60,0.625,19,33,2.55,1.55,0.0,0,0.548
2026-10-04,BAAI/bge-m3,branch,60,0.65,18,33,1.42,0.58,0.0,0,0.548
