run_id,timestamp,embedding_model,policy,day,involuntary_hits,probes,open_hits,migrated_targets,tool_reach_hits,recall_reach_hits,cold_reach_hits,kept_significant,significant,kept_recalled,recalled,hot_episodic,noise_older_14d_gone,noise_older_14d,stuck_1d,stuck_7d,migrated_total,mean_pass_ms,decay_embed_calls
2026-10-04T012806_memory-google--embeddinggemma-300m,2026-10-04T01:28:06.055469+00:00,google/embeddinggemma-300m,no_decay,30,19,25,21,0,0,0,0,17,17,5,5,6656,0,3580,2746,1357,0,52.0,1440
2026-10-04T012806_memory-google--embeddinggemma-300m,2026-10-04T01:28:06.055469+00:00,google/embeddinggemma-300m,no_decay,45,22,30,25,0,0,0,0,24,24,5,5,9975,0,6847,6041,4715,0,52.0,1440
2026-10-04T012806_memory-google--embeddinggemma-300m,2026-10-04T01:28:06.055469+00:00,google/embeddinggemma-300m,no_decay,60,25,33,28,0,0,0,0,30,30,5,5,13316,0,10163,9355,7988,0,52.0,1440
2026-10-04T012806_memory-google--embeddinggemma-300m,2026-10-04T01:28:06.055469+00:00,google/embeddinggemma-300m,branch,30,19,25,21,0,0,0,0,17,17,5,5,6605,51,3580,2699,1336,166,57.4,1788
2026-10-04T012806_memory-google--embeddinggemma-300m,2026-10-04T01:28:06.055469+00:00,google/embeddinggemma-300m,branch,45,22,30,25,0,0,0,0,24,24,5,5,9862,113,6847,5934,4631,166,57.4,1788
2026-10-04T012806_memory-google--embeddinggemma-300m,2026-10-04T01:28:06.055469+00:00,google/embeddinggemma-300m,branch,60,25,33,28,0,0,0,0,30,30,5,5,13150,166,10163,9193,7848,166,57.4,1788
2026-10-04T012806_memory-google--embeddinggemma-300m,2026-10-04T01:28:06.055469+00:00,google/embeddinggemma-300m,oracle,30,19,25,20,3,0,0,0,17,17,5,5,3693,2960,3580,0,0,9585,841.5,24614
2026-10-04T012806_memory-google--embeddinggemma-300m,2026-10-04T01:28:06.055469+00:00,google/embeddinggemma-300m,oracle,45,19,30,21,6,0,0,3,24,24,5,5,3725,6244,6847,0,0,9585,841.5,24614
2026-10-04T012806_memory-google--embeddinggemma-300m,2026-10-04T01:28:06.055469+00:00,google/embeddinggemma-300m,oracle,60,22,33,24,8,0,0,4,30,30,5,5,3731,9577,10163,0,0,9585,841.5,24614
2026-10-04T025923_memory-google--embeddinggemma-300m,2026-10-04T02:59:23.297103+00:00,google/embeddinggemma-300m,no_decay,30,19,25,21,0,0,0,0,17,17,5,5,6656,0,3580,2746,1357,0,0.0,0
2026-10-04T025923_memory-google--embeddinggemma-300m,2026-10-04T02:59:23.297103+00:00,google/embeddinggemma-300m,no_decay,45,22,30,25,0,0,0,0,24,24,5,5,9975,0,6847,6041,4715,0,0.0,0
2026-10-04T025923_memory-google--embeddinggemma-300m,2026-10-04T02:59:23.297103+00:00,google/embeddinggemma-300m,no_decay,60,25,33,28,0,0,0,0,30,30,5,5,13316,0,10163,9355,7988,0,0.0,0
2026-10-04T025923_memory-google--embeddinggemma-300m,2026-10-04T02:59:23.297103+00:00,google/embeddinggemma-300m,branch,30,19,25,20,3,1,1,1,17,17,5,5,3693,2960,3580,0,0,9585,432.1,5440
2026-10-04T025923_memory-google--embeddinggemma-300m,2026-10-04T02:59:23.297103+00:00,google/embeddinggemma-300m,branch,45,19,30,21,6,4,4,4,24,24,5,5,3725,6244,6847,0,0,9585,432.1,5440
2026-10-04T025923_memory-google--embeddinggemma-300m,2026-10-04T02:59:23.297103+00:00,google/embeddinggemma-300m,branch,60,22,33,24,8,5,5,5,30,30,5,5,3731,9577,10163,0,0,9585,432.1,5440
2026-10-04T025923_memory-google--embeddinggemma-300m,2026-10-04T02:59:23.297103+00:00,google/embeddinggemma-300m,oracle,30,19,25,20,3,1,1,2,17,17,5,5,3693,2960,3580,0,0,9585,342.9,5444
2026-10-04T025923_memory-google--embeddinggemma-300m,2026-10-04T02:59:23.297103+00:00,google/embeddinggemma-300m,oracle,45,19,30,21,6,4,4,4,24,24,5,5,3725,6244,6847,0,0,9585,342.9,5444
2026-10-04T025923_memory-google--embeddinggemma-300m,2026-10-04T02:59:23.297103+00:00,google/embeddinggemma-300m,oracle,60,22,33,24,8,5,5,5,30,30,5,5,3731,9577,10163,0,0,9585,342.9,5444
2026-10-04T032859_memory-google--embeddinggemma-300m,2026-10-04T03:28:59.181569+00:00,google/embeddinggemma-300m,no_decay,30,19,25,21,0,0,0,0,17,17,5,5,6656,0,3580,2746,1357,0,0.0,0
2026-10-04T032859_memory-google--embeddinggemma-300m,2026-10-04T03:28:59.181569+00:00,google/embeddinggemma-300m,no_decay,45,22,30,25,0,0,0,0,24,24,5,5,9975,0,6847,6041,4715,0,0.0,0
2026-10-04T032859_memory-google--embeddinggemma-300m,2026-10-04T03:28:59.181569+00:00,google/embeddinggemma-300m,no_decay,60,25,33,28,0,0,0,0,30,30,5,5,13316,0,10163,9355,7988,0,0.0,0
2026-10-04T032859_memory-google--embeddinggemma-300m,2026-10-04T03:28:59.181569+00:00,google/embeddinggemma-300m,branch,30,19,25,20,3,1,1,1,17,17,5,5,3693,2960,3580,0,0,9585,429.7,5440
2026-10-04T032859_memory-google--embeddinggemma-300m,2026-10-04T03:28:59.181569+00:00,google/embeddinggemma-300m,branch,45,19,30,21,6,4,4,4,24,24,5,5,3725,6244,6847,0,0,9585,429.7,5440
2026-10-04T032859_memory-google--embeddinggemma-300m,2026-10-04T03:28:59.181569+00:00,google/embeddinggemma-300m,branch,60,22,33,24,8,5,5,5,30,30,5,5,3731,9577,10163,0,0,9585,429.7,5440
2026-10-04T032859_memory-google--embeddinggemma-300m,2026-10-04T03:28:59.181569+00:00,google/embeddinggemma-300m,oracle,30,19,25,20,3,1,1,1,17,17,5,5,3693,2960,3580,0,0,9585,336.5,5440
2026-10-04T032859_memory-google--embeddinggemma-300m,2026-10-04T03:28:59.181569+00:00,google/embeddinggemma-300m,oracle,45,19,30,21,6,4,4,4,24,24,5,5,3725,6244,6847,0,0,9585,336.5,5440
2026-10-04T032859_memory-google--embeddinggemma-300m,2026-10-04T03:28:59.181569+00:00,google/embeddinggemma-300m,oracle,60,22,33,24,8,5,5,5,30,30,5,5,3731,9577,10163,0,0,9585,336.5,5440
2026-10-04T060430_memory-BAAI--bge-m3,2026-10-04T06:04:30.482716+00:00,BAAI/bge-m3,no_decay,30,22,25,22,0,0,0,0,17,17,5,5,6656,0,3580,2746,1357,0,0.0,0
2026-10-04T060430_memory-BAAI--bge-m3,2026-10-04T06:04:30.482716+00:00,BAAI/bge-m3,no_decay,45,27,30,27,0,0,0,0,24,24,5,5,9975,0,6847,6041,4715,0,0.0,0
2026-10-04T060430_memory-BAAI--bge-m3,2026-10-04T06:04:30.482716+00:00,BAAI/bge-m3,no_decay,60,30,33,30,0,0,0,0,30,30,5,5,13316,0,10163,9355,7988,0,0.0,0
2026-10-04T060430_memory-BAAI--bge-m3,2026-10-04T06:04:30.482716+00:00,BAAI/bge-m3,branch,30,22,25,22,3,0,0,0,17,17,5,5,3693,2960,3580,0,0,9585,238.7,5440
2026-10-04T060430_memory-BAAI--bge-m3,2026-10-04T06:04:30.482716+00:00,BAAI/bge-m3,branch,45,24,30,24,6,3,3,3,24,24,5,5,3725,6244,6847,0,0,9585,238.7,5440
2026-10-04T060430_memory-BAAI--bge-m3,2026-10-04T06:04:30.482716+00:00,BAAI/bge-m3,branch,60,25,33,25,8,5,5,5,30,30,5,5,3731,9577,10163,0,0,9585,238.7,5440
2026-10-04T060430_memory-BAAI--bge-m3,2026-10-04T06:04:30.482716+00:00,BAAI/bge-m3,oracle,30,22,25,22,3,0,0,0,17,17,5,5,3693,2960,3580,0,0,9585,162.8,5440
2026-10-04T060430_memory-BAAI--bge-m3,2026-10-04T06:04:30.482716+00:00,BAAI/bge-m3,oracle,45,24,30,24,6,3,3,3,24,24,5,5,3725,6244,6847,0,0,9585,162.8,5440
2026-10-04T060430_memory-BAAI--bge-m3,2026-10-04T06:04:30.482716+00:00,BAAI/bge-m3,oracle,60,25,33,25,8,5,5,5,30,30,5,5,3731,9577,10163,0,0,9585,162.8,5440
2026-10-04T062412_memory-BAAI--bge-m3,2026-10-04T06:24:12.162320+00:00,BAAI/bge-m3,no_decay,30,22,25,22,0,0,0,0,17,17,5,5,6656,0,3580,2746,1357,0,0.0,0
2026-10-04T062412_memory-BAAI--bge-m3,2026-10-04T06:24:12.162320+00:00,BAAI/bge-m3,no_decay,45,27,30,27,0,0,0,0,24,24,5,5,9975,0,6847,6041,4715,0,0.0,0
2026-10-04T062412_memory-BAAI--bge-m3,2026-10-04T06:24:12.162320+00:00,BAAI/bge-m3,no_decay,60,30,33,30,0,0,0,0,30,30,5,5,13316,0,10163,9355,7988,0,0.0,0
2026-10-04T062412_memory-BAAI--bge-m3,2026-10-04T06:24:12.162320+00:00,BAAI/bge-m3,branch,30,22,25,22,3,0,0,0,17,17,5,5,3693,2960,3580,0,0,9585,241.6,5440
2026-10-04T062412_memory-BAAI--bge-m3,2026-10-04T06:24:12.162320+00:00,BAAI/bge-m3,branch,45,24,30,24,6,3,3,3,24,24,5,5,3725,6244,6847,0,0,9585,241.6,5440
2026-10-04T062412_memory-BAAI--bge-m3,2026-10-04T06:24:12.162320+00:00,BAAI/bge-m3,branch,60,25,33,25,8,5,5,5,30,30,5,5,3731,9577,10163,0,0,9585,241.6,5440
2026-10-04T062412_memory-BAAI--bge-m3,2026-10-04T06:24:12.162320+00:00,BAAI/bge-m3,oracle,30,22,25,22,3,0,0,0,17,17,5,5,3693,2960,3580,0,0,9585,164.6,5440
2026-10-04T062412_memory-BAAI--bge-m3,2026-10-04T06:24:12.162320+00:00,BAAI/bge-m3,oracle,45,24,30,24,6,3,3,3,24,24,5,5,3725,6244,6847,0,0,9585,164.6,5440
2026-10-04T062412_memory-BAAI--bge-m3,2026-10-04T06:24:12.162320+00:00,BAAI/bge-m3,oracle,60,25,33,25,8,5,5,5,30,30,5,5,3731,9577,10163,0,0,9585,164.6,5440
